date,screen,ticker,price
2026-09-13,top,ECPG,98.56
2026-09-13,top,SNDK,1633.35
2026-09-13,top,CDNA,50.26
2026-09-13,top,NUTX,200.24
2026-09-13,top,INSW,103.65
2026-09-13,top,INCY,121.47
2026-09-13,top,LPG,55.18
2026-09-13,top,BFH,106.37
2026-09-13,top,KNSA,76.27
2026-09-13,top,EXEL,56.12
2026-09-13,top,APA,44.73
2026-09-13,top,FLXS,81.4
2026-09-13,top,MU,975.26
2026-09-13,top,SENEA,190.62
2026-09-13,top,AUPH,16.1
2026-09-13,top,OSCR,32.77
2026-09-13,top,CF,133.07
2026-09-13,top,NEM,126.81
2026-09-13,top,PARR,84.65
2026-09-13,top,HRMY,41.52
2026-09-13,top,ZVRA,12.01
2026-09-13,top,KRYS,347.0
2026-09-13,top,EVER,23.98
2026-09-13,top,VCTR,110.3
2026-09-13,top,MRP,29.69
2026-09-13,quality_value,IRWD,4.08
2026-09-13,quality_value,CRMD,7.83
2026-09-13,quality_value,NRDS,9.43
2026-09-13,quality_value,CMRE,15.28
2026-09-13,quality_value,CRCT,5.62
2026-09-13,quality_value,ESEA,74.56
2026-09-13,quality_value,HRTG,34.58
2026-09-13,quality_value,APA,44.73
2026-09-13,quality_value,YELP,21.28
2026-09-13,quality_value,NUTX,200.24
2026-09-13,quality_value,GSL,45.82
2026-09-13,quality_value,ADBE,252.23
2026-09-13,quality_value,CRUS,118.79
2026-09-13,quality_value,CARG,34.42
2026-09-13,quality_value,HRMY,41.52
2026-09-13,quality_value,MD,26.77
2026-09-13,quality_value,GPOR,173.25
2026-09-13,quality_value,PYPL,53.72
2026-09-13,quality_value,ANIP,70.19
2026-09-13,quality_value,RIGL,47.24
2026-09-13,deep_value,QFIN,8.47
2026-09-13,deep_value,KSS,17.23
2026-09-13,deep_value,TBLA,3.8
2026-09-13,deep_value,VSNT,37.19
2026-09-13,deep_value,CRMD,7.83
2026-09-13,deep_value,MOMO,4.95
2026-09-13,deep_value,NRDS,9.43
2026-09-13,deep_value,MSIF,12.49
2026-09-13,deep_value,CRTO,17.44
2026-09-13,deep_value,CI,280.76
2026-09-13,deep_value,UHS,174.83
2026-09-13,deep_value,YALA,5.5
2026-09-13,deep_value,ARDT,10.98
2026-09-13,deep_value,THO,72.86
2026-09-13,deep_value,IVR,6.8
2026-09-13,deep_value,GCO,35.12
2026-09-13,deep_value,INGM,27.55
2026-09-13,deep_value,ABG,208.5
2026-09-13,deep_value,M,22.08
2026-09-13,deep_value,VIPS,12.47
2026-09-13,growth_momentum,MU,975.26
2026-09-13,growth_momentum,SNDK,1633.35
2026-09-13,growth_momentum,DELL,567.29
2026-09-13,growth_momentum,ETON,57.08
2026-09-13,growth_momentum,MRVL,236.1
2026-09-13,growth_momentum,CDNA,50.26
2026-09-13,growth_momentum,AMD,516.13
2026-09-13,growth_momentum,LPG,55.18
2026-09-13,growth_momentum,PAYS,13.01
2026-09-13,growth_momentum,KNSA,76.27
2026-09-13,growth_momentum,INSW,103.65
2026-09-13,growth_momentum,LQDA,66.74
2026-09-13,growth_momentum,LFST,12.97
2026-09-13,growth_momentum,EVC,8.61
2026-09-13,growth_momentum,DINO,107.84
2026-09-13,growth_momentum,ECPG,98.56
2026-09-13,growth_momentum,OSCR,32.77
2026-09-13,growth_momentum,VLO,390.42
2026-09-13,growth_momentum,TWLO,227.35
2026-09-13,growth_momentum,STX,830.17
2026-09-13,insider_buying,JEF,51.96
2026-09-13,insider_buying,CBIO,19.41
2026-09-13,insider_buying,AAT,21.5
2026-09-13,insider_buying,BORR,4.27
2026-09-13,insider_buying,FSBC,46.41
2026-09-13,insider_buying,XRN,35.99
2026-09-13,insider_buying,NPB,17.22
2026-09-13,insider_buying,CGON,72.35
2026-09-13,insider_buying,CODI,11.01
2026-09-13,insider_buying,BWFG,68.57
2026-09-13,insider_buying,INBX,109.27
2026-09-13,insider_buying,OPFI,7.98
2026-09-13,insider_buying,GME,21.15
2026-09-13,insider_buying,AMRC,23.78
2026-09-13,insider_buying,MLAB,120.87
2026-09-13,insider_buying,AVBC,21.77
2026-09-13,insider_buying,APTV,45.54
2026-09-13,insider_buying,DFIN,47.95
2026-09-13,insider_buying,VTS,18.76
2026-09-13,insider_buying,HLNE,95.98
2026-09-13,income,QFIN,8.47
2026-09-13,income,SCHL,35.01
2026-09-13,income,TBLA,3.8
2026-09-13,income,IBTA,41.14
2026-09-13,income,FCN,148.07
2026-09-13,income,COKE,192.61
2026-09-13,income,SPB,86.22
2026-09-13,income,CRTO,17.44
2026-09-13,income,GRND,15.28
2026-09-13,income,ARI,6.63
2026-09-13,income,VIPS,12.47
2026-09-13,income,DFIN,47.95
2026-09-13,income,HOG,27.87
2026-09-13,income,GNL,9.05
2026-09-13,income,INMD,14.9
2026-09-13,income,MOMO,4.95
2026-09-13,income,RSKD,6.09
2026-09-13,income,CHCT,14.61
2026-09-13,income,VRTS,147.41
2026-09-13,income,CART,48.73
2026-09-13,pullback,APP,323.96
2026-09-13,pullback,SEZL,118.87
2026-09-13,pullback,WINA,308.47
2026-09-13,pullback,ADBE,252.23
2026-09-13,pullback,ADSK,212.4
2026-09-13,pullback,FICO,985.39
2026-09-13,pullback,IDXX,504.7
2026-09-13,pullback,INTU,321.57
2026-09-13,pullback,VRSK,176.2
2026-09-13,pullback,DPZ,311.6
2026-09-13,pullback,PEGA,36.24
2026-09-13,pullback,SNDK,1633.35
2026-09-13,pullback,DECK,81.27
2026-09-13,pullback,ODFL,179.79
2026-09-13,pullback,PTC,130.78
2026-09-13,pullback,ULS,71.25
2026-09-13,pullback,NTES,115.61
2026-09-13,pullback,CRUS,118.79
2026-09-13,pullback,RDDT,157.77
2026-09-13,pullback,PODD,131.96
2026-09-12,top,ECPG,98.56
2026-09-12,top,SNDK,1633.35
2026-09-12,top,CDNA,50.26
2026-09-12,top,NUTX,200.24
2026-09-12,top,INSW,103.65
2026-09-12,top,INCY,121.47
2026-09-12,top,LPG,55.18
2026-09-12,top,BFH,106.37
2026-09-12,top,KNSA,76.27
2026-09-12,top,EXEL,56.12
2026-09-12,top,APA,44.73
2026-09-12,top,FLXS,81.4
2026-09-12,top,MU,975.26
2026-09-12,top,SENEA,190.62
2026-09-12,top,AUPH,16.1
2026-09-12,top,OSCR,32.77
2026-09-12,top,CF,133.07
2026-09-12,top,NEM,126.81
2026-09-12,top,PARR,84.65
2026-09-12,top,HRMY,41.52
2026-09-12,top,ZVRA,12.01
2026-09-12,top,KRYS,347.0
2026-09-12,top,EVER,23.98
2026-09-12,top,VCTR,110.3
2026-09-12,top,MRP,29.69
2026-09-12,quality_value,IRWD,4.08
2026-09-12,quality_value,CRMD,7.83
2026-09-12,quality_value,NRDS,9.43
2026-09-12,quality_value,CMRE,15.28
2026-09-12,quality_value,CRCT,5.62
2026-09-12,quality_value,ESEA,74.56
2026-09-12,quality_value,HRTG,34.58
2026-09-12,quality_value,APA,44.73
2026-09-12,quality_value,YELP,21.28
2026-09-12,quality_value,NUTX,200.24
2026-09-12,quality_value,GSL,45.82
2026-09-12,quality_value,ADBE,252.23
2026-09-12,quality_value,CRUS,118.79
2026-09-12,quality_value,CARG,34.42
2026-09-12,quality_value,HRMY,41.52
2026-09-12,quality_value,MD,26.77
2026-09-12,quality_value,GPOR,173.25
2026-09-12,quality_value,PYPL,53.72
2026-09-12,quality_value,ANIP,70.19
2026-09-12,quality_value,RIGL,47.24
2026-09-12,deep_value,QFIN,8.47
2026-09-12,deep_value,KSS,17.23
2026-09-12,deep_value,TBLA,3.8
2026-09-12,deep_value,VSNT,37.19
2026-09-12,deep_value,CRMD,7.83
2026-09-12,deep_value,MOMO,4.95
2026-09-12,deep_value,NRDS,9.43
2026-09-12,deep_value,MSIF,12.49
2026-09-12,deep_value,CRTO,17.44
2026-09-12,deep_value,CI,280.76
2026-09-12,deep_value,UHS,174.83
2026-09-12,deep_value,YALA,5.5
2026-09-12,deep_value,ARDT,10.98
2026-09-12,deep_value,THO,72.86
2026-09-12,deep_value,IVR,6.8
2026-09-12,deep_value,GCO,35.12
2026-09-12,deep_value,INGM,27.55
2026-09-12,deep_value,ABG,208.5
2026-09-12,deep_value,M,22.08
2026-09-12,deep_value,VIPS,12.47
2026-09-12,growth_momentum,MU,975.26
2026-09-12,growth_momentum,SNDK,1633.35
2026-09-12,growth_momentum,DELL,567.29
2026-09-12,growth_momentum,ETON,57.08
2026-09-12,growth_momentum,MRVL,236.1
2026-09-12,growth_momentum,CDNA,50.26
2026-09-12,growth_momentum,AMD,516.13
2026-09-12,growth_momentum,LPG,55.18
2026-09-12,growth_momentum,PAYS,13.01
2026-09-12,growth_momentum,KNSA,76.27
2026-09-12,growth_momentum,INSW,103.65
2026-09-12,growth_momentum,LQDA,66.74
2026-09-12,growth_momentum,LFST,12.97
2026-09-12,growth_momentum,EVC,8.61
2026-09-12,growth_momentum,DINO,107.84
2026-09-12,growth_momentum,ECPG,98.56
2026-09-12,growth_momentum,OSCR,32.77
2026-09-12,growth_momentum,VLO,390.42
2026-09-12,growth_momentum,TWLO,227.35
2026-09-12,growth_momentum,STX,830.17
2026-09-12,insider_buying,JEF,51.96
2026-09-12,insider_buying,CBIO,19.41
2026-09-12,insider_buying,AAT,21.5
2026-09-12,insider_buying,BORR,4.27
2026-09-12,insider_buying,FSBC,46.41
2026-09-12,insider_buying,XRN,35.99
2026-09-12,insider_buying,NPB,17.22
2026-09-12,insider_buying,CGON,72.35
2026-09-12,insider_buying,CODI,11.01
2026-09-12,insider_buying,BWFG,68.57
2026-09-12,insider_buying,INBX,109.27
2026-09-12,insider_buying,OPFI,7.98
2026-09-12,insider_buying,GME,21.15
2026-09-12,insider_buying,AMRC,23.78
2026-09-12,insider_buying,MLAB,120.87
2026-09-12,insider_buying,AVBC,21.77
2026-09-12,insider_buying,APTV,45.54
2026-09-12,insider_buying,DFIN,47.95
2026-09-12,insider_buying,VTS,18.76
2026-09-12,insider_buying,HLNE,95.98
2026-09-12,income,QFIN,8.47
2026-09-12,income,SCHL,35.01
2026-09-12,income,TBLA,3.8
2026-09-12,income,IBTA,41.14
2026-09-12,income,FCN,148.07
2026-09-12,income,COKE,192.61
2026-09-12,income,SPB,86.22
2026-09-12,income,CRTO,17.44
2026-09-12,income,GRND,15.28
2026-09-12,income,ARI,6.63
2026-09-12,income,VIPS,12.47
2026-09-12,income,DFIN,47.95
2026-09-12,income,HOG,27.87
2026-09-12,income,GNL,9.05
2026-09-12,income,INMD,14.9
2026-09-12,income,MOMO,4.95
2026-09-12,income,RSKD,6.09
2026-09-12,income,CHCT,14.61
2026-09-12,income,VRTS,147.41
2026-09-12,income,CART,48.73
2026-09-12,pullback,APP,323.96
2026-09-12,pullback,SEZL,118.87
2026-09-12,pullback,WINA,308.47
2026-09-12,pullback,ADBE,252.23
2026-09-12,pullback,ADSK,212.4
2026-09-12,pullback,FICO,985.39
2026-09-12,pullback,IDXX,504.7
2026-09-12,pullback,INTU,321.57
2026-09-12,pullback,VRSK,176.2
2026-09-12,pullback,DPZ,311.6
2026-09-12,pullback,PEGA,36.24
2026-09-12,pullback,SNDK,1633.35
2026-09-12,pullback,DECK,81.27
2026-09-12,pullback,ODFL,179.79
2026-09-12,pullback,PTC,130.78
2026-09-12,pullback,ULS,71.25
2026-09-12,pullback,NTES,115.61
2026-09-12,pullback,CRUS,118.79
2026-09-12,pullback,RDDT,157.77
2026-09-12,pullback,PODD,131.96
2026-09-15,top,ECPG,98.56
2026-09-15,top,SNDK,1633.35
2026-09-15,top,NUTX,200.24
2026-09-15,top,CDNA,50.26
2026-09-15,top,INSW,103.65
2026-09-15,top,INCY,121.47
2026-09-15,top,LPG,55.18
2026-09-15,top,BFH,106.37
2026-09-15,top,KNSA,76.27
2026-09-15,top,EXEL,56.12
2026-09-15,top,APA,44.73
2026-09-15,top,FLXS,81.4
2026-09-15,top,MU,975.26
2026-09-15,top,SENEA,190.62
2026-09-15,top,AUPH,16.1
2026-09-15,top,OSCR,32.77
2026-09-15,top,NEM,126.81
2026-09-15,top,CF,133.07
2026-09-15,top,PARR,84.65
2026-09-15,top,ZVRA,12.01
2026-09-15,top,HRMY,41.52
2026-09-15,top,HRTG,34.58
2026-09-15,top,EVER,23.98
2026-09-15,top,VCTR,110.3
2026-09-15,top,KRYS,347.0
2026-09-15,quality_value,IRWD,4.08
2026-09-15,quality_value,CRMD,7.83
2026-09-15,quality_value,NRDS,9.43
2026-09-15,quality_value,CMRE,15.28
2026-09-15,quality_value,CRCT,5.62
2026-09-15,quality_value,ESEA,74.56
2026-09-15,quality_value,HRTG,34.58
2026-09-15,quality_value,APA,44.73
2026-09-15,quality_value,YELP,21.28
2026-09-15,quality_value,NUTX,200.24
2026-09-15,quality_value,GSL,45.82
2026-09-15,quality_value,ADBE,252.23
2026-09-15,quality_value,CRUS,118.79
2026-09-15,quality_value,CARG,34.42
2026-09-15,quality_value,HRMY,41.52
2026-09-15,quality_value,MD,26.77
2026-09-15,quality_value,GPOR,173.25
2026-09-15,quality_value,PYPL,53.72
2026-09-15,quality_value,ANIP,70.19
2026-09-15,quality_value,RIGL,47.24
2026-09-15,deep_value,QFIN,8.47
2026-09-15,deep_value,KSS,17.23
2026-09-15,deep_value,TBLA,3.8
2026-09-15,deep_value,VSNT,37.19
2026-09-15,deep_value,CRMD,7.83
2026-09-15,deep_value,MOMO,4.95
2026-09-15,deep_value,NRDS,9.43
2026-09-15,deep_value,MSIF,12.49
2026-09-15,deep_value,CRTO,17.44
2026-09-15,deep_value,CI,280.76
2026-09-15,deep_value,UHS,174.83
2026-09-15,deep_value,YALA,5.5
2026-09-15,deep_value,ARDT,10.98
2026-09-15,deep_value,THO,72.86
2026-09-15,deep_value,IVR,6.8
2026-09-15,deep_value,GCO,35.12
2026-09-15,deep_value,INGM,27.55
2026-09-15,deep_value,M,22.08
2026-09-15,deep_value,VIPS,12.47
2026-09-15,deep_value,ABG,208.5
2026-09-15,growth_momentum,MU,975.26
2026-09-15,growth_momentum,SNDK,1633.35
2026-09-15,growth_momentum,DELL,567.29
2026-09-15,growth_momentum,ETON,57.08
2026-09-15,growth_momentum,MRVL,236.1
2026-09-15,growth_momentum,CDNA,50.26
2026-09-15,growth_momentum,AMD,516.13
2026-09-15,growth_momentum,LPG,55.18
2026-09-15,growth_momentum,INSW,103.65
2026-09-15,growth_momentum,PAYS,13.01
2026-09-15,growth_momentum,KNSA,76.27
2026-09-15,growth_momentum,LQDA,66.74
2026-09-15,growth_momentum,LFST,12.97
2026-09-15,growth_momentum,EVC,8.61
2026-09-15,growth_momentum,DINO,107.84
2026-09-15,growth_momentum,OSCR,32.77
2026-09-15,growth_momentum,ECPG,98.56
2026-09-15,growth_momentum,VLO,390.42
2026-09-15,growth_momentum,TWLO,227.35
2026-09-15,growth_momentum,STX,830.17
2026-09-15,insider_buying,JEF,51.96
2026-09-15,insider_buying,CBIO,19.41
2026-09-15,insider_buying,AAT,21.5
2026-09-15,insider_buying,BORR,4.27
2026-09-15,insider_buying,FSBC,46.41
2026-09-15,insider_buying,XRN,35.99
2026-09-15,insider_buying,NPB,17.22
2026-09-15,insider_buying,CGON,72.35
2026-09-15,insider_buying,CODI,11.01
2026-09-15,insider_buying,BWFG,68.57
2026-09-15,insider_buying,INBX,109.27
2026-09-15,insider_buying,OPFI,7.98
2026-09-15,insider_buying,GME,21.15
2026-09-15,insider_buying,AMRC,23.78
2026-09-15,insider_buying,MLAB,120.87
2026-09-15,insider_buying,AVBC,21.77
2026-09-15,insider_buying,APTV,45.54
2026-09-15,insider_buying,DFIN,47.95
2026-09-15,insider_buying,VTS,18.76
2026-09-15,insider_buying,FRPH,22.15
2026-09-15,income,QFIN,8.47
2026-09-15,income,SCHL,35.01
2026-09-15,income,TBLA,3.8
2026-09-15,income,IBTA,41.14
2026-09-15,income,FCN,148.07
2026-09-15,income,COKE,192.61
2026-09-15,income,SPB,86.22
2026-09-15,income,CRTO,17.44
2026-09-15,income,GRND,15.28
2026-09-15,income,ARI,6.63
2026-09-15,income,VIPS,12.47
2026-09-15,income,DFIN,47.95
2026-09-15,income,HOG,27.87
2026-09-15,income,GNL,9.05
2026-09-15,income,INMD,14.9
2026-09-15,income,MOMO,4.95
2026-09-15,income,RSKD,6.09
2026-09-15,income,CHCT,14.61
2026-09-15,income,VRTS,147.41
2026-09-15,income,CART,48.73
2026-09-15,pullback,APP,323.96
2026-09-15,pullback,SEZL,118.87
2026-09-15,pullback,WINA,308.47
2026-09-15,pullback,ADBE,252.23
2026-09-15,pullback,ADSK,212.4
2026-09-15,pullback,FICO,985.39
2026-09-15,pullback,IDXX,504.7
2026-09-15,pullback,INTU,321.57
2026-09-15,pullback,VRSK,176.2
2026-09-15,pullback,DPZ,311.6
2026-09-15,pullback,PEGA,36.24
2026-09-15,pullback,SNDK,1633.35
2026-09-15,pullback,DECK,81.27
2026-09-15,pullback,ODFL,179.79
2026-09-15,pullback,PTC,130.78
2026-09-15,pullback,ULS,71.25
2026-09-15,pullback,NTES,115.61
2026-09-15,pullback,CRUS,118.79
2026-09-15,pullback,RDDT,157.77
2026-09-15,pullback,PODD,131.96
2026-09-16,top,SNDK,1551.99
2026-09-16,top,ECPG,99.74
2026-09-16,top,NUTX,217.02
2026-09-16,top,CDNA,52.37
2026-09-16,top,INSW,105.84
2026-09-16,top,INCY,122.19
2026-09-16,top,LPG,55.38
2026-09-16,top,BFH,109.23
2026-09-16,top,KNSA,76.58
2026-09-16,top,EXEL,56.21
2026-09-16,top,AUPH,16.41
2026-09-16,top,MU,924.03
2026-09-16,top,FLXS,81.9
2026-09-16,top,APA,45.03
2026-09-16,top,SENEA,186.35
2026-09-16,top,OSCR,33.81
2026-09-16,top,NEM,123.07
2026-09-16,top,ZVRA,12.05
2026-09-16,top,HRTG,35.09
2026-09-16,top,HRMY,41.54
2026-09-16,top,PARR,81.7
2026-09-16,top,CF,131.24
2026-09-16,top,EVER,24.03
2026-09-16,top,VCTR,109.08
2026-09-16,top,MRP,29.46
2026-09-16,quality_value,IRWD,4.17
2026-09-16,quality_value,NRDS,9.5
2026-09-16,quality_value,CRMD,7.89
2026-09-16,quality_value,CRCT,5.65
2026-09-16,quality_value,CMRE,15.13
2026-09-16,quality_value,ESEA,74.8
2026-09-16,quality_value,HRTG,35.09
2026-09-16,quality_value,APA,45.03
2026-09-16,quality_value,YELP,21.83
2026-09-16,quality_value,CRUS,116.34
2026-09-16,quality_value,NUTX,217.02
2026-09-16,quality_value,GSL,45.74
2026-09-16,quality_value,CARG,34.93
2026-09-16,quality_value,HRMY,41.54
2026-09-16,quality_value,ADBE,265.6
2026-09-16,quality_value,MD,26.91
2026-09-16,quality_value,PYPL,54.03
2026-09-16,quality_value,RIGL,45.35
2026-09-16,quality_value,ANIP,70.4
2026-09-16,quality_value,HCSG,22.04
2026-09-16,deep_value,QFIN,8.47
2026-09-16,deep_value,KSS,17.17
2026-09-16,deep_value,MOMO,4.93
2026-09-16,deep_value,TBLA,3.91
2026-09-16,deep_value,VSNT,37.56
2026-09-16,deep_value,CRMD,7.89
2026-09-16,deep_value,NRDS,9.5
2026-09-16,deep_value,CRTO,17.32
2026-09-16,deep_value,MSIF,12.4
2026-09-16,deep_value,UHS,173.25
2026-09-16,deep_value,CI,290.05
2026-09-16,deep_value,IVR,6.67
2026-09-16,deep_value,ARDT,11.0
2026-09-16,deep_value,INGM,26.85
2026-09-16,deep_value,GCO,34.97
2026-09-16,deep_value,THO,73.48
2026-09-16,deep_value,VISN,6.47
2026-09-16,deep_value,ABG,208.91
2026-09-16,deep_value,VIPS,12.44
2026-09-16,deep_value,M,22.58
2026-09-16,growth_momentum,MU,924.03
2026-09-16,growth_momentum,SNDK,1551.99
2026-09-16,growth_momentum,DELL,534.28
2026-09-16,growth_momentum,ETON,57.62
2026-09-16,growth_momentum,MRVL,218.82
2026-09-16,growth_momentum,CDNA,52.37
2026-09-16,growth_momentum,KNSA,76.58
2026-09-16,growth_momentum,LPG,55.38
2026-09-16,growth_momentum,AMD,493.41
2026-09-16,growth_momentum,INSW,105.84
2026-09-16,growth_momentum,LFST,13.38
2026-09-16,growth_momentum,PAYS,12.83
2026-09-16,growth_momentum,LQDA,65.31
2026-09-16,growth_momentum,OSCR,33.81
2026-09-16,growth_momentum,EVC,8.32
2026-09-16,growth_momentum,DINO,106.91
2026-09-16,growth_momentum,ECPG,99.74
2026-09-16,growth_momentum,TWLO,231.88
2026-09-16,growth_momentum,TGTX,54.0
2026-09-16,growth_momentum,TVTX,65.79
2026-09-16,insider_buying,JEF,50.1
2026-09-16,insider_buying,CBIO,19.68
2026-09-16,insider_buying,AAT,21.64
2026-09-16,insider_buying,BORR,4.12
2026-09-16,insider_buying,FSBC,45.99
2026-09-16,insider_buying,XRN,36.27
2026-09-16,insider_buying,NPB,16.98
2026-09-16,insider_buying,CGON,73.79
2026-09-16,insider_buying,CODI,11.31
2026-09-16,insider_buying,BWFG,68.25
2026-09-16,insider_buying,OPFI,7.78
2026-09-16,insider_buying,INBX,110.47
2026-09-16,insider_buying,GME,21.62
2026-09-16,insider_buying,AMRC,22.68
2026-09-16,insider_buying,MLAB,121.48
2026-09-16,insider_buying,AVBC,22.18
2026-09-16,insider_buying,GIII,27.83
2026-09-16,insider_buying,APTV,44.79
2026-09-16,insider_buying,DFIN,48.44
2026-09-16,insider_buying,FRPH,21.93
2026-09-16,income,QFIN,8.47
2026-09-16,income,SCHL,35.3
2026-09-16,income,TBLA,3.91
2026-09-16,income,IBTA,42.4
2026-09-16,income,FCN,150.86
2026-09-16,income,COKE,200.67
2026-09-16,income,SPB,85.45
2026-09-16,income,CRTO,17.32
2026-09-16,income,ARI,6.57
2026-09-16,income,GRND,15.73
2026-09-16,income,VIPS,12.44
2026-09-16,income,DFIN,48.44
2026-09-16,income,HOG,27.59
2026-09-16,income,GNL,9.02
2026-09-16,income,INMD,14.89
2026-09-16,income,MOMO,4.93
2026-09-16,income,VRTS,143.52
2026-09-16,income,CHCT,14.74
2026-09-16,income,RSKD,6.29
2026-09-16,income,CART,49.48
2026-09-16,pullback,APP,334.24
2026-09-16,pullback,SEZL,121.57
2026-09-16,pullback,WINA,299.47
2026-09-16,pullback,ADBE,265.6
2026-09-16,pullback,ADSK,228.93
2026-09-16,pullback,FICO,1001.5
2026-09-16,pullback,IDXX,509.56
2026-09-16,pullback,INTU,339.15
2026-09-16,pullback,VRSK,187.03
2026-09-16,pullback,DPZ,323.77
2026-09-16,pullback,STX,805.55
2026-09-16,pullback,PEGA,38.71
2026-09-16,pullback,SNDK,1551.99
2026-09-16,pullback,DECK,80.54
2026-09-16,pullback,ODFL,181.91
2026-09-16,pullback,PTC,136.65
2026-09-16,pullback,ULS,69.5
2026-09-16,pullback,CRUS,116.34
2026-09-16,pullback,RDDT,162.38
2026-09-16,pullback,AVGO,344.72
